log_id,session_id,expected_label,expected_anomaly_type,predicted_label,predicted_anomaly_type,predicted_legacy_type,confidence,promotion_source,policy_decision,ml_score,ml_label,context_rule_ids,signals,match_status
c3d4e5f6-0001-4000-c001-000000000001,mcp-sess-S01,normal,,normal,,,,,,,,,,PASS
c3d4e5f6-0002-4000-c001-000000000002,mcp-sess-S01,normal,,normal,,,,,,,,,,PASS
c3d4e5f6-0003-4000-c001-000000000003,mcp-sess-S01,normal,,normal,,,,,,,,,,PASS
c3d4e5f6-0004-4000-c001-000000000004,mcp-sess-S01,normal,,normal,,,,,,,,,,PASS
c3d4e5f6-0005-4000-c001-000000000005,mcp-sess-S01,normal,,normal,,,,,,,,,,PASS
c3d4e5f6-0006-4000-c001-000000000006,mcp-sess-S01,normal,,normal,,,,,,,,,,PASS
c3d4e5f6-0007-4000-c001-000000000007,mcp-sess-S01,normal,,normal,,,,,,,,,,PASS
c3d4e5f6-0008-4000-c001-000000000008,mcp-sess-S01,normal,,normal,,,,,,,,,,PASS
c3d4e5f6-0009-4000-c001-000000000009,mcp-sess-S01,normal,,normal,,,,,,,,,,PASS
c3d4e5f6-0010-4000-c001-000000000010,mcp-sess-S01,normal,,normal,,,,,,,,,,PASS
c3d4e5f6-0011-4000-c001-000000000011,mcp-sess-S01,normal,,normal,,,,,,,,,,PASS
c3d4e5f6-0012-4000-c001-000000000012,mcp-sess-S01,normal,,normal,,,,,,,,,,PASS
c3d4e5f6-0013-4000-c001-000000000013,mcp-sess-S01,normal,,normal,,,,,,,,,,PASS
c3d4e5f6-0014-4000-c001-000000000014,mcp-sess-S01,normal,,normal,,,,,,,,,,PASS
c3d4e5f6-0015-4000-c001-000000000015,mcp-sess-S01,normal,,normal,,,,,,,,,,PASS
c3d4e5f6-0016-4000-c001-000000000016,mcp-sess-S01,normal,,normal,,,,,,,,,,PASS
c3d4e5f6-0017-4000-c001-000000000017,mcp-sess-S01,normal,,normal,,,,,,,,,,PASS
c3d4e5f6-0018-4000-c001-000000000018,mcp-sess-S01,normal,,normal,,,,,,,,,,PASS
c3d4e5f6-0019-4000-c001-000000000019,mcp-sess-S01,normal,,normal,,,,,,,,,,PASS
c3d4e5f6-0020-4000-c001-000000000020,mcp-sess-S01,normal,,normal,,,,,,,,,,PASS
c3d4e5f6-0021-4000-c001-000000000021,mcp-sess-S01,normal,,normal,,,,,,,,,,PASS
c3d4e5f6-0022-4000-c001-000000000022,mcp-sess-S01,normal,,normal,,,,,,,,,,PASS
c3d4e5f6-0023-4000-c001-000000000023,mcp-sess-S01,normal,,normal,,,,,,,,,,PASS
c3d4e5f6-0024-4000-c001-000000000024,mcp-sess-S01,normal,,normal,,,,,,,,,,PASS
c3d4e5f6-0025-4000-c001-000000000025,mcp-sess-S01,normal,,normal,,,,,,,,,,PASS
c3d4e5f6-0026-4000-c001-000000000026,mcp-sess-S01,normal,,normal,,,,,,,,,,PASS
c3d4e5f6-0027-4000-c001-000000000027,mcp-sess-S01,normal,,normal,,,,,,,,,,PASS
c3d4e5f6-0028-4000-c001-000000000028,mcp-sess-S01,normal,,normal,,,,,,,,,,PASS
c3d4e5f6-0029-4000-c001-000000000029,mcp-sess-S01,normal,,normal,,,,,,,,,,PASS
c3d4e5f6-0030-4000-c001-000000000030,mcp-sess-S01,normal,,normal,,,,,,,,,,PASS
c3d4e5f6-0031-4000-c001-000000000031,mcp-sess-S01,normal,,normal,,,,,,,,,,PASS
c3d4e5f6-0032-4000-c001-000000000032,mcp-sess-S01,normal,,normal,,,,,,,,,,PASS
c3d4e5f6-0033-4000-c001-000000000033,mcp-sess-S01,normal,,normal,,,,,,,,,,PASS
c3d4e5f6-0034-4000-c001-000000000034,mcp-sess-S01,normal,,normal,,,,,,,,,,PASS
c3d4e5f6-0035-4000-c001-000000000035,mcp-sess-S01,normal,,normal,,,,,,,,,,PASS
c3d4e5f6-0036-4000-c001-000000000036,mcp-sess-S01,normal,,normal,,,,,,,,,,PASS
c3d4e5f6-0037-4000-c001-000000000037,mcp-sess-S01,normal,,normal,,,,,,,,,,PASS
c3d4e5f6-0038-4000-c001-000000000038,mcp-sess-S01,normal,,normal,,,,,,,,,,PASS
c3d4e5f6-0039-4000-c001-000000000039,mcp-sess-S01,normal,,normal,,,,,,,,,,PASS
c3d4e5f6-0040-4000-c001-000000000040,mcp-sess-S01,normal,,normal,,,,,,,,,,PASS
c3d4e5f6-0041-4000-c001-000000000041,mcp-sess-S01,normal,,normal,,,,,,,,,,PASS
c3d4e5f6-0042-4000-c001-000000000042,mcp-sess-S01,normal,,normal,,,,,,,,,,PASS
c3d4e5f6-0043-4000-c001-000000000043,mcp-sess-S01,normal,,normal,,,,,,,,,,PASS
c3d4e5f6-0044-4000-c001-000000000044,mcp-sess-S01,normal,,normal,,,,,,,,,,PASS
c3d4e5f6-0045-4000-c001-000000000045,mcp-sess-S01,normal,,normal,,,,,,,,,,PASS
c3d4e5f6-0046-4000-c001-000000000046,mcp-sess-S01,normal,,normal,,,,,,,,,,PASS
c3d4e5f6-0047-4000-c001-000000000047,mcp-sess-S01,normal,,normal,,,,,,,,,,PASS
c3d4e5f6-0048-4000-c001-000000000048,mcp-sess-S01,normal,,normal,,,,,,,,,,PASS
c3d4e5f6-0049-4000-c001-000000000049,mcp-sess-S01,normal,,normal,,,,,,,,,,PASS
c3d4e5f6-0050-4000-c001-000000000050,mcp-sess-S02,normal,,normal,,,,,,,,,,PASS
c3d4e5f6-0051-4000-c001-000000000051,mcp-sess-S02,normal,,normal,,,,,,,,,,PASS
c3d4e5f6-0052-4000-c001-000000000052,mcp-sess-S02,normal,,normal,,,,,,,,,,PASS
c3d4e5f6-0053-4000-c001-000000000053,mcp-sess-S02,normal,,normal,,,,,,,,,,PASS
c3d4e5f6-0054-4000-c001-000000000054,mcp-sess-S02,normal,,normal,,,,,,,,,,PASS
c3d4e5f6-0055-4000-c001-000000000055,mcp-sess-S02,normal,,normal,,,,,,,,,,PASS
c3d4e5f6-0056-4000-c001-000000000056,mcp-sess-S02,normal,,normal,,,,,,,,,,PASS
c3d4e5f6-0057-4000-c001-000000000057,mcp-sess-S02,normal,,normal,,,,,,,,,,PASS
c3d4e5f6-0058-4000-c001-000000000058,mcp-sess-S02,normal,,normal,,,,,,,,,,PASS
c3d4e5f6-0059-4000-c001-000000000059,mcp-sess-S02,normal,,normal,,,,,,,,,,PASS
c3d4e5f6-0060-4000-c001-000000000060,mcp-sess-S02,normal,,normal,,,,,,,,,,PASS
c3d4e5f6-0061-4000-c001-000000000061,mcp-sess-S02,normal,,normal,,,,,,,,,,PASS
c3d4e5f6-0062-4000-c001-000000000062,mcp-sess-S02,normal,,normal,,,,,,,,,,PASS
c3d4e5f6-0063-4000-c001-000000000063,mcp-sess-S02,normal,,normal,,,,,,,,,,PASS
c3d4e5f6-0064-4000-c001-000000000064,mcp-sess-S02,normal,,normal,,,,,,,,,,PASS
c3d4e5f6-0065-4000-c001-000000000065,mcp-sess-S02,normal,,normal,,,,,,,,,,PASS
c3d4e5f6-0066-4000-c001-000000000066,mcp-sess-S02,anomaly,unknown_tool_call,anomaly,unknown_tool_call,TOOL_HALLUCINATION,high,rule_only,promoted,,,,signal_1|signal_2|signal_3,PASS
c3d4e5f6-0067-4000-c001-000000000067,mcp-sess-S02,normal,,normal,,,,,,,,,,PASS
c3d4e5f6-0068-4000-c001-000000000068,mcp-sess-S02,normal,,normal,,,,,,,,,,PASS
c3d4e5f6-0069-4000-c001-000000000069,mcp-sess-S02,normal,,normal,,,,,,,,,,PASS
c3d4e5f6-0070-4000-c001-000000000070,mcp-sess-S02,normal,,normal,,,,,,,,,,PASS
c3d4e5f6-0071-4000-c001-000000000071,mcp-sess-S02,normal,,normal,,,,,,,,,,PASS
c3d4e5f6-0072-4000-c001-000000000072,mcp-sess-S02,normal,,normal,,,,,,,,,,PASS
c3d4e5f6-0073-4000-c001-000000000073,mcp-sess-S02,normal,,normal,,,,,,,,,,PASS
c3d4e5f6-0074-4000-c001-000000000074,mcp-sess-S02,normal,,normal,,,,,,,,,,PASS
c3d4e5f6-0075-4000-c001-000000000075,mcp-sess-S02,normal,,normal,,,,,,,,,,PASS
c3d4e5f6-0076-4000-c001-000000000076,mcp-sess-S02,normal,,normal,,,,,,,,,,PASS
c3d4e5f6-0077-4000-c001-000000000077,mcp-sess-S03,normal,,normal,,,,,,,,,,PASS
c3d4e5f6-0078-4000-c001-000000000078,mcp-sess-S03,normal,,normal,,,,,,,,,,PASS
c3d4e5f6-0079-4000-c001-000000000079,mcp-sess-S03,normal,,normal,,,,,,,,,,PASS
c3d4e5f6-0080-4000-c001-000000000080,mcp-sess-S03,normal,,normal,,,,,,,,,,PASS
c3d4e5f6-0081-4000-c001-000000000081,mcp-sess-S03,normal,,normal,,,,,,,,,,PASS
c3d4e5f6-0082-4000-c001-000000000082,mcp-sess-S03,normal,,normal,,,,,,,,,,PASS
c3d4e5f6-0083-4000-c001-000000000083,mcp-sess-S03,normal,,normal,,,,,,,,,,PASS
c3d4e5f6-0084-4000-c001-000000000084,mcp-sess-S03,normal,,normal,,,,,,,,,,PASS
c3d4e5f6-0085-4000-c001-000000000085,mcp-sess-S03,normal,,normal,,,,,,,,,,PASS
c3d4e5f6-0086-4000-c001-000000000086,mcp-sess-S03,normal,,normal,,,,,,,,,,PASS
c3d4e5f6-0087-4000-c001-000000000087,mcp-sess-S03,normal,,normal,,,,,,,,,,PASS
c3d4e5f6-0088-4000-c001-000000000088,mcp-sess-S03,normal,,normal,,,,,,,,,,PASS
c3d4e5f6-0089-4000-c001-000000000089,mcp-sess-S03,anomaly,invalid_tool_parameter,anomaly,invalid_tool_parameter,TOOL_HALLUCINATION,high,rule_only,promoted,,,,signal_1|signal_2|signal_3,PASS
c3d4e5f6-0090-4000-c001-000000000090,mcp-sess-S03,normal,,normal,,,,,,,,,,PASS
c3d4e5f6-0091-4000-c001-000000000091,mcp-sess-S03,normal,,normal,,,,,,,,,,PASS
c3d4e5f6-0092-4000-c001-000000000092,mcp-sess-S03,normal,,normal,,,,,,,,,,PASS
c3d4e5f6-0093-4000-c001-000000000093,mcp-sess-S03,normal,,normal,,,,,,,,,,PASS
c3d4e5f6-0094-4000-c001-000000000094,mcp-sess-S03,normal,,normal,,,,,,,,,,PASS
c3d4e5f6-0095-4000-c001-000000000095,mcp-sess-S03,normal,,normal,,,,,,,,,,PASS
c3d4e5f6-0096-4000-c001-000000000096,mcp-sess-S03,normal,,normal,,,,,,,,,,PASS
c3d4e5f6-0097-4000-c001-000000000097,mcp-sess-S03,normal,,normal,,,,,,,,,,PASS
c3d4e5f6-0098-4000-c001-000000000098,mcp-sess-S03,anomaly,invalid_tool_parameter,anomaly,invalid_tool_parameter,TOOL_HALLUCINATION,high,rule_only,promoted,,,,signal_1|signal_2|signal_3,PASS
c3d4e5f6-0099-4000-c001-000000000099,mcp-sess-S03,normal,,normal,,,,,,,,,,PASS
c3d4e5f6-0100-4000-c001-000000000100,mcp-sess-S03,normal,,normal,,,,,,,,,,PASS
c3d4e5f6-0101-4000-c001-000000000101,mcp-sess-S03,normal,,normal,,,,,,,,,,PASS
c3d4e5f6-0102-4000-c001-000000000102,mcp-sess-S03,normal,,normal,,,,,,,,,,PASS
c3d4e5f6-0103-4000-c001-000000000103,mcp-sess-S03,normal,,normal,,,,,,,,,,PASS
c3d4e5f6-0104-4000-c001-000000000104,mcp-sess-S03,normal,,normal,,,,,,,,,,PASS
c3d4e5f6-0105-4000-c001-000000000105,mcp-sess-S03,normal,,normal,,,,,,,,,,PASS
c3d4e5f6-0106-4000-c001-000000000106,mcp-sess-S03,normal,,normal,,,,,,,,,,PASS
c3d4e5f6-0107-4000-c001-000000000107,mcp-sess-S03,normal,,normal,,,,,,,,,,PASS
c3d4e5f6-0108-4000-c001-000000000108,mcp-sess-S04,normal,,normal,,,,,,,,,,PASS
c3d4e5f6-0109-4000-c001-000000000109,mcp-sess-S04,normal,,normal,,,,,,,,,,PASS
c3d4e5f6-0110-4000-c001-000000000110,mcp-sess-S04,normal,,normal,,,,,,,,,,PASS
c3d4e5f6-0111-4000-c001-000000000111,mcp-sess-S04,normal,,normal,,,,,,,,,,PASS
c3d4e5f6-0112-4000-c001-000000000112,mcp-sess-S04,normal,,normal,,,,,,,,,,PASS
c3d4e5f6-0113-4000-c001-000000000113,mcp-sess-S04,normal,,normal,,,,,,,,,,PASS
c3d4e5f6-0114-4000-c001-000000000114,mcp-sess-S04,normal,,normal,,,,,,,,,,PASS
c3d4e5f6-0115-4000-c001-000000000115,mcp-sess-S04,normal,,normal,,,,,,,,,,PASS
c3d4e5f6-0116-4000-c001-000000000116,mcp-sess-S04,normal,,normal,,,,,,,,,,PASS
c3d4e5f6-0117-4000-c001-000000000117,mcp-sess-S04,normal,,normal,,,,,,,,,,PASS
c3d4e5f6-0118-4000-c001-000000000118,mcp-sess-S04,normal,,normal,,,,,,,,,,PASS
c3d4e5f6-0119-4000-c001-000000000119,mcp-sess-S04,normal,,normal,,,,,,,,,,PASS
c3d4e5f6-0120-4000-c001-000000000120,mcp-sess-S04,anomaly,node_not_found,anomaly,resource_not_found,REGISTRY_OVERFLOW,high,rule_only,promoted,,,,signal_1|signal_3,PASS
c3d4e5f6-0121-4000-c001-000000000121,mcp-sess-S04,anomaly,node_not_found,anomaly,tool_execution_failure,DELEGATION_CHAIN_FAILURE,high,rule_only,promoted,,,,signal_1|signal_2|signal_3,PASS
c3d4e5f6-0122-4000-c001-000000000122,mcp-sess-S04,normal,,normal,,,,,,,,,,PASS
c3d4e5f6-0123-4000-c001-000000000123,mcp-sess-S04,normal,,normal,,,,,,,,,,PASS
c3d4e5f6-0124-4000-c001-000000000124,mcp-sess-S04,normal,,normal,,,,,,,,,,PASS
c3d4e5f6-0125-4000-c001-000000000125,mcp-sess-S04,normal,,normal,,,,,,,,,,PASS
c3d4e5f6-0126-4000-c001-000000000126,mcp-sess-S04,normal,,normal,,,,,,,,,,PASS
c3d4e5f6-0127-4000-c001-000000000127,mcp-sess-S04,normal,,normal,,,,,,,,,,PASS
c3d4e5f6-0128-4000-c001-000000000128,mcp-sess-S04,normal,,normal,,,,,,,,,,PASS
c3d4e5f6-0129-4000-c001-000000000129,mcp-sess-S04,normal,,normal,,,,,,,,,,PASS
c3d4e5f6-0130-4000-c001-000000000130,mcp-sess-S04,normal,,normal,,,,,,,,,,PASS
c3d4e5f6-0131-4000-c001-000000000131,mcp-sess-S04,normal,,normal,,,,,,,,,,PASS
c3d4e5f6-0132-4000-c001-000000000132,mcp-sess-S04,normal,,normal,,,,,,,,,,PASS
c3d4e5f6-0133-4000-c001-000000000133,mcp-sess-S04,normal,,normal,,,,,,,,,,PASS
c3d4e5f6-0134-4000-c001-000000000134,mcp-sess-S04,normal,,normal,,,,,,,,,,PASS
c3d4e5f6-0135-4000-c001-000000000135,mcp-sess-S04,normal,,normal,,,,,,,,,,PASS
c3d4e5f6-0136-4000-c001-000000000136,mcp-sess-S04,normal,,normal,,,,,,,,,,PASS
c3d4e5f6-0137-4000-c001-000000000137,mcp-sess-S05,normal,,normal,,,,,,,,,,PASS
c3d4e5f6-0138-4000-c001-000000000138,mcp-sess-S05,normal,,normal,,,,,,,,,,PASS
c3d4e5f6-0139-4000-c001-000000000139,mcp-sess-S05,normal,,normal,,,,,,,,,,PASS
c3d4e5f6-0140-4000-c001-000000000140,mcp-sess-S05,normal,,normal,,,,,,,,,,PASS
c3d4e5f6-0141-4000-c001-000000000141,mcp-sess-S05,normal,,normal,,,,,,,,,,PASS
c3d4e5f6-0142-4000-c001-000000000142,mcp-sess-S05,normal,,normal,,,,,,,,,,PASS
c3d4e5f6-0143-4000-c001-000000000143,mcp-sess-S05,normal,,normal,,,,,,,,,,PASS
c3d4e5f6-0144-4000-c001-000000000144,mcp-sess-S05,normal,,normal,,,,,,,,,,PASS
c3d4e5f6-0145-4000-c001-000000000145,mcp-sess-S05,normal,,normal,,,,,,,,,,PASS
c3d4e5f6-0146-4000-c001-000000000146,mcp-sess-S05,normal,,normal,,,,,,,,,,PASS
c3d4e5f6-0147-4000-c001-000000000147,mcp-sess-S05,normal,,normal,,,,,,,,,,PASS
c3d4e5f6-0148-4000-c001-000000000148,mcp-sess-S05,normal,,normal,,,,,,,,,,PASS
c3d4e5f6-0149-4000-c001-000000000149,mcp-sess-S05,normal,,normal,,,,,,,,,,PASS
c3d4e5f6-0150-4000-c001-000000000150,mcp-sess-S05,normal,,normal,,,,,,,,,,PASS
c3d4e5f6-0151-4000-c001-000000000151,mcp-sess-S05,normal,,normal,,,,,,,,,,PASS
c3d4e5f6-0152-4000-c001-000000000152,mcp-sess-S05,normal,,normal,,,,,,,,,,PASS
c3d4e5f6-0153-4000-c001-000000000153,mcp-sess-S05,normal,,normal,,,,,,,,,,PASS
c3d4e5f6-0154-4000-c001-000000000154,mcp-sess-S05,normal,,normal,,,,,,,,,,PASS
c3d4e5f6-0155-4000-c001-000000000155,mcp-sess-S05,normal,,normal,,,,,,,,,,PASS
c3d4e5f6-0156-4000-c001-000000000156,mcp-sess-S05,normal,,normal,,,,,,,,,,PASS
c3d4e5f6-0157-4000-c001-000000000157,mcp-sess-S05,normal,,normal,,,,,,,,,,PASS
c3d4e5f6-0158-4000-c001-000000000158,mcp-sess-S05,normal,,normal,,,,,,,,,,PASS
c3d4e5f6-0159-4000-c001-000000000159,mcp-sess-S05,normal,,normal,,,,,,,,,,PASS
c3d4e5f6-0160-4000-c001-000000000160,mcp-sess-S05,normal,,normal,,,,,,,,,,PASS
c3d4e5f6-0161-4000-c001-000000000161,mcp-sess-S05,normal,,normal,,,,,,,,,,PASS
c3d4e5f6-0162-4000-c001-000000000162,mcp-sess-S05,normal,,normal,,,,,,,,,,PASS
c3d4e5f6-0163-4000-c001-000000000163,mcp-sess-S05,normal,,normal,,,,,,,,,,PASS
c3d4e5f6-0164-4000-c001-000000000164,mcp-sess-S05,normal,,normal,,,,,,,,,,PASS
c3d4e5f6-0165-4000-c001-000000000165,mcp-sess-S05,anomaly,rate_limit_exceeded,anomaly,rate_limit_breach,REGISTRY_OVERFLOW,low,rule_only,promoted,,,C-04,signal_3,PASS
c3d4e5f6-0166-4000-c001-000000000166,mcp-sess-S05,anomaly,rate_limit_exceeded,anomaly,upstream_api_failure,REGISTRY_OVERFLOW,high,rule_only,promoted,,,,signal_1|signal_2|signal_3,PASS
c3d4e5f6-0167-4000-c001-000000000167,mcp-sess-S05,anomaly,rate_limit_exceeded,anomaly,retry_triggered,,low,rule_only,promoted,,,,signal_1|signal_3,PASS
c3d4e5f6-0168-4000-c001-000000000168,mcp-sess-S05,normal,,normal,,,,,,,,,,PASS
c3d4e5f6-0169-4000-c001-000000000169,mcp-sess-S05,normal,,normal,,,,,,,,,,PASS
c3d4e5f6-0170-4000-c001-000000000170,mcp-sess-S05,normal,,normal,,,,,,,,,,PASS
c3d4e5f6-0171-4000-c001-000000000171,mcp-sess-S05,normal,,normal,,,,,,,,,,PASS
c3d4e5f6-0172-4000-c001-000000000172,mcp-sess-S05,normal,,normal,,,,,,,,,,PASS
c3d4e5f6-0173-4000-c001-000000000173,mcp-sess-S05,normal,,normal,,,,,,,,,,PASS
c3d4e5f6-0174-4000-c001-000000000174,mcp-sess-S05,normal,,normal,,,,,,,,,,PASS
c3d4e5f6-0175-4000-c001-000000000175,mcp-sess-S05,normal,,normal,,,,,,,,,,PASS
c3d4e5f6-0176-4000-c001-000000000176,mcp-sess-S05,normal,,normal,,,,,,,,,,PASS
c3d4e5f6-0177-4000-c001-000000000177,mcp-sess-S06,normal,,normal,,,,,,,,,,PASS
c3d4e5f6-0178-4000-c001-000000000178,mcp-sess-S06,normal,,normal,,,,,,,,,,PASS
c3d4e5f6-0179-4000-c001-000000000179,mcp-sess-S06,normal,,normal,,,,,,,,,,PASS
c3d4e5f6-0180-4000-c001-000000000180,mcp-sess-S06,normal,,normal,,,,,,,,,,PASS
c3d4e5f6-0181-4000-c001-000000000181,mcp-sess-S06,normal,,normal,,,,,,,,,,PASS
c3d4e5f6-0182-4000-c001-000000000182,mcp-sess-S06,normal,,normal,,,,,,,,,,PASS
c3d4e5f6-0183-4000-c001-000000000183,mcp-sess-S06,normal,,normal,,,,,,,,,,PASS
c3d4e5f6-0184-4000-c001-000000000184,mcp-sess-S06,normal,,normal,,,,,,,,,,PASS
c3d4e5f6-0185-4000-c001-000000000185,mcp-sess-S06,normal,,normal,,,,,,,,,,PASS
c3d4e5f6-0186-4000-c001-000000000186,mcp-sess-S06,normal,,normal,,,,,,,,,,PASS
c3d4e5f6-0187-4000-c001-000000000187,mcp-sess-S06,normal,,normal,,,,,,,,,,PASS
c3d4e5f6-0188-4000-c001-000000000188,mcp-sess-S06,normal,,normal,,,,,,,,,,PASS
c3d4e5f6-0189-4000-c001-000000000189,mcp-sess-S06,normal,,normal,,,,,,,,,,PASS
c3d4e5f6-0190-4000-c001-000000000190,mcp-sess-S06,normal,,normal,,,,,,,,,,PASS
c3d4e5f6-0191-4000-c001-000000000191,mcp-sess-S06,normal,,normal,,,,,,,,,,PASS
c3d4e5f6-0192-4000-c001-000000000192,mcp-sess-S06,normal,,normal,,,,,,,,,,PASS
c3d4e5f6-0193-4000-c001-000000000193,mcp-sess-S06,anomaly,auth_failure,anomaly,auth_failure,DELEGATION_CHAIN_FAILURE,high,rule_only,promoted,,,,signal_1|signal_2|signal_3,PASS
c3d4e5f6-0194-4000-c001-000000000194,mcp-sess-S06,normal,,normal,,,,,,,,,,PASS
c3d4e5f6-0195-4000-c001-000000000195,mcp-sess-S06,normal,,normal,,,,,,,,,,PASS
c3d4e5f6-0196-4000-c001-000000000196,mcp-sess-S06,normal,,normal,,,,,,,,,,PASS
c3d4e5f6-0197-4000-c001-000000000197,mcp-sess-S07,normal,,normal,,,,,,,,,,PASS
c3d4e5f6-0198-4000-c001-000000000198,mcp-sess-S07,normal,,normal,,,,,,,,,,PASS
c3d4e5f6-0199-4000-c001-000000000199,mcp-sess-S07,normal,,normal,,,,,,,,,,PASS
c3d4e5f6-0200-4000-c001-000000000200,mcp-sess-S07,normal,,normal,,,,,,,,,,PASS
c3d4e5f6-0201-4000-c001-000000000201,mcp-sess-S07,normal,,normal,,,,,,,,,,PASS
c3d4e5f6-0202-4000-c001-000000000202,mcp-sess-S07,normal,,normal,,,,,,,,,,PASS
c3d4e5f6-0203-4000-c001-000000000203,mcp-sess-S07,normal,,normal,,,,,,,,,,PASS
c3d4e5f6-0204-4000-c001-000000000204,mcp-sess-S07,normal,,normal,,,,,,,,,,PASS
c3d4e5f6-0205-4000-c001-000000000205,mcp-sess-S07,normal,,normal,,,,,,,,,,PASS
c3d4e5f6-0206-4000-c001-000000000206,mcp-sess-S07,normal,,normal,,,,,,,,,,PASS
c3d4e5f6-0207-4000-c001-000000000207,mcp-sess-S07,normal,,normal,,,,,,,,,,PASS
c3d4e5f6-0208-4000-c001-000000000208,mcp-sess-S07,normal,,normal,,,,,,,,,,PASS
c3d4e5f6-0209-4000-c001-000000000209,mcp-sess-S07,normal,,normal,,,,,,,,,,PASS
c3d4e5f6-0210-4000-c001-000000000210,mcp-sess-S07,normal,,normal,,,,,,,,,,PASS
c3d4e5f6-0211-4000-c001-000000000211,mcp-sess-S07,normal,,normal,,,,,,,,,,PASS
c3d4e5f6-0212-4000-c001-000000000212,mcp-sess-S07,normal,,normal,,,,,,,,,,PASS
c3d4e5f6-0213-4000-c001-000000000213,mcp-sess-S07,normal,,normal,,,,,,,,,,PASS
c3d4e5f6-0214-4000-c001-000000000214,mcp-sess-S07,normal,,normal,,,,,,,,,,PASS
c3d4e5f6-0215-4000-c001-000000000215,mcp-sess-S07,anomaly,prompt_injection_attempt,anomaly,prompt_injection_attempt,CONTEXT_POISONING,high,rule_only,promoted,,,,signal_3,PASS
c3d4e5f6-0216-4000-c001-000000000216,mcp-sess-S07,normal,,normal,,,,,,,,,,PASS
c3d4e5f6-0217-4000-c001-000000000217,mcp-sess-S07,normal,,normal,,,,,,,,,,PASS
c3d4e5f6-0218-4000-c001-000000000218,mcp-sess-S07,normal,,normal,,,,,,,,,,PASS
c3d4e5f6-0219-4000-c001-000000000219,mcp-sess-S07,normal,,normal,,,,,,,,,,PASS
c3d4e5f6-0220-4000-c001-000000000220,mcp-sess-S07,normal,,normal,,,,,,,,,,PASS
c3d4e5f6-0221-4000-c001-000000000221,mcp-sess-S07,normal,,normal,,,,,,,,,,PASS
c3d4e5f6-0222-4000-c001-000000000222,mcp-sess-S07,normal,,normal,,,,,,,,,,PASS
c3d4e5f6-0223-4000-c001-000000000223,mcp-sess-S07,normal,,normal,,,,,,,,,,PASS
c3d4e5f6-0224-4000-c001-000000000224,mcp-sess-S07,normal,,normal,,,,,,,,,,PASS
c3d4e5f6-0225-4000-c001-000000000225,mcp-sess-S07,normal,,normal,,,,,,,,,,PASS
c3d4e5f6-0226-4000-c001-000000000226,mcp-sess-S08,normal,,normal,,,,,,,,,,PASS
c3d4e5f6-0227-4000-c001-000000000227,mcp-sess-S08,normal,,normal,,,,,,,,,,PASS
c3d4e5f6-0228-4000-c001-000000000228,mcp-sess-S08,normal,,normal,,,,,,,,,,PASS
c3d4e5f6-0229-4000-c001-000000000229,mcp-sess-S08,normal,,normal,,,,,,,,,,PASS
c3d4e5f6-0230-4000-c001-000000000230,mcp-sess-S08,anomaly,prompt_injection_attempt,anomaly,prompt_injection_attempt,CONTEXT_POISONING,high,rule_only,promoted,,,,signal_4,PASS
c3d4e5f6-0231-4000-c001-000000000231,mcp-sess-S08,anomaly,input_anomaly,anomaly,invalid_tool_parameter,TOOL_HALLUCINATION,high,rule_only,promoted,,,,signal_1|signal_2|signal_3,PASS
c3d4e5f6-0232-4000-c001-000000000232,mcp-sess-S08,normal,,normal,,,,,,,,,,PASS
c3d4e5f6-0233-4000-c001-000000000233,mcp-sess-S08,normal,,normal,,,,,,,,,,PASS
c3d4e5f6-0234-4000-c001-000000000234,mcp-sess-S08,normal,,normal,,,,,,,,,,PASS
c3d4e5f6-0235-4000-c001-000000000235,mcp-sess-S08,normal,,normal,,,,,,,,,,PASS
c3d4e5f6-0236-4000-c001-000000000236,mcp-sess-S08,normal,,normal,,,,,,,,,,PASS
c3d4e5f6-0237-4000-c001-000000000237,mcp-sess-S08,normal,,normal,,,,,,,,,,PASS
c3d4e5f6-0238-4000-c001-000000000238,mcp-sess-S08,normal,,normal,,,,,,,,,,PASS
c3d4e5f6-0239-4000-c001-000000000239,mcp-sess-S08,normal,,normal,,,,,,,,,,PASS
c3d4e5f6-0240-4000-c001-000000000240,mcp-sess-S08,normal,,normal,,,,,,,,,,PASS
c3d4e5f6-0241-4000-c001-000000000241,mcp-sess-S08,normal,,normal,,,,,,,,,,PASS
c3d4e5f6-0242-4000-c001-000000000242,mcp-sess-S08,normal,,normal,,,,,,,,,,PASS
c3d4e5f6-0243-4000-c001-000000000243,mcp-sess-S08,normal,,normal,,,,,,,,,,PASS
c3d4e5f6-0244-4000-c001-000000000244,mcp-sess-S08,normal,,normal,,,,,,,,,,PASS
c3d4e5f6-0245-4000-c001-000000000245,mcp-sess-S08,normal,,normal,,,,,,,,,,PASS
c3d4e5f6-0246-4000-c001-000000000246,mcp-sess-S08,normal,,normal,,,,,,,,,,PASS
c3d4e5f6-0247-4000-c001-000000000247,mcp-sess-S08,normal,,normal,,,,,,,,,,PASS
c3d4e5f6-0248-4000-c001-000000000248,mcp-sess-S08,normal,,normal,,,,,,,,,,PASS
c3d4e5f6-0249-4000-c001-000000000249,mcp-sess-S09,normal,,normal,,,,,,,,,,PASS
c3d4e5f6-0250-4000-c001-000000000250,mcp-sess-S09,normal,,normal,,,,,,,,,,PASS
c3d4e5f6-0251-4000-c001-000000000251,mcp-sess-S09,normal,,normal,,,,,,,,,,PASS
c3d4e5f6-0252-4000-c001-000000000252,mcp-sess-S09,normal,,normal,,,,,,,,,,PASS
c3d4e5f6-0253-4000-c001-000000000253,mcp-sess-S09,normal,,normal,,,,,,,,,,PASS
c3d4e5f6-0254-4000-c001-000000000254,mcp-sess-S09,normal,,normal,,,,,,,,,,PASS
c3d4e5f6-0255-4000-c001-000000000255,mcp-sess-S09,normal,,normal,,,,,,,,,,PASS
c3d4e5f6-0256-4000-c001-000000000256,mcp-sess-S09,normal,,normal,,,,,,,,,,PASS
c3d4e5f6-0257-4000-c001-000000000257,mcp-sess-S09,normal,,normal,,,,,,,,,,PASS
c3d4e5f6-0258-4000-c001-000000000258,mcp-sess-S09,normal,,normal,,,,,,,,,,PASS
c3d4e5f6-0259-4000-c001-000000000259,mcp-sess-S09,normal,,normal,,,,,,,,,,PASS
c3d4e5f6-0260-4000-c001-000000000260,mcp-sess-S09,normal,,normal,,,,,,,,,,PASS
c3d4e5f6-0261-4000-c001-000000000261,mcp-sess-S09,normal,,normal,,,,,,,,,,PASS
c3d4e5f6-0262-4000-c001-000000000262,mcp-sess-S09,normal,,normal,,,,,,,,,,PASS
c3d4e5f6-0263-4000-c001-000000000263,mcp-sess-S09,normal,,normal,,,,,,,,,,PASS
c3d4e5f6-0264-4000-c001-000000000264,mcp-sess-S09,normal,,normal,,,,,,,,,,PASS
c3d4e5f6-0265-4000-c001-000000000265,mcp-sess-S09,normal,,normal,,,,,,,,,,PASS
c3d4e5f6-0266-4000-c001-000000000266,mcp-sess-S09,anomaly,prompt_injection_attempt,anomaly,sql_injection_attempt,CONTEXT_POISONING,low,rule_only,promoted,,,,signal_3,PASS
c3d4e5f6-0267-4000-c001-000000000267,mcp-sess-S09,normal,,normal,,,,,,,,,,PASS
c3d4e5f6-0268-4000-c001-000000000268,mcp-sess-S09,normal,,normal,,,,,,,,,,PASS
c3d4e5f6-0269-4000-c001-000000000269,mcp-sess-S09,normal,,normal,,,,,,,,,,PASS
c3d4e5f6-0270-4000-c001-000000000270,mcp-sess-S09,normal,,normal,,,,,,,,,,PASS
c3d4e5f6-0271-4000-c001-000000000271,mcp-sess-S09,normal,,normal,,,,,,,,,,PASS
c3d4e5f6-0272-4000-c001-000000000272,mcp-sess-S09,normal,,normal,,,,,,,,,,PASS
c3d4e5f6-0273-4000-c001-000000000273,mcp-sess-S09,normal,,normal,,,,,,,,,,PASS
c3d4e5f6-0274-4000-c001-000000000274,mcp-sess-S10,normal,,normal,,,,,,,,,,PASS
c3d4e5f6-0275-4000-c001-000000000275,mcp-sess-S10,normal,,normal,,,,,,,,,,PASS
c3d4e5f6-0276-4000-c001-000000000276,mcp-sess-S10,normal,,normal,,,,,,,,,,PASS
c3d4e5f6-0277-4000-c001-000000000277,mcp-sess-S10,normal,,normal,,,,,,,,,,PASS
c3d4e5f6-0278-4000-c001-000000000278,mcp-sess-S10,normal,,normal,,,,,,,,,,PASS
c3d4e5f6-0279-4000-c001-000000000279,mcp-sess-S10,normal,,normal,,,,,,,,,,PASS
c3d4e5f6-0280-4000-c001-000000000280,mcp-sess-S10,normal,,normal,,,,,,,,,,PASS
c3d4e5f6-0281-4000-c001-000000000281,mcp-sess-S10,normal,,normal,,,,,,,,,,PASS
c3d4e5f6-0282-4000-c001-000000000282,mcp-sess-S10,normal,,normal,,,,,,,,,,PASS
c3d4e5f6-0283-4000-c001-000000000283,mcp-sess-S10,normal,,normal,,,,,,,,,,PASS
c3d4e5f6-0284-4000-c001-000000000284,mcp-sess-S10,normal,,normal,,,,,,,,,,PASS
c3d4e5f6-0285-4000-c001-000000000285,mcp-sess-S10,normal,,normal,,,,,,,,,,PASS
c3d4e5f6-0286-4000-c001-000000000286,mcp-sess-S10,normal,,normal,,,,,,,,,,PASS
c3d4e5f6-0287-4000-c001-000000000287,mcp-sess-S10,normal,,normal,,,,,,,,,,PASS
c3d4e5f6-0288-4000-c001-000000000288,mcp-sess-S10,normal,,normal,,,,,,,,,,PASS
c3d4e5f6-0289-4000-c001-000000000289,mcp-sess-S10,normal,,normal,,,,,,,,,,PASS
c3d4e5f6-0290-4000-c001-000000000290,mcp-sess-S10,anomaly,upstream_server_error,anomaly,upstream_api_failure,REGISTRY_OVERFLOW,high,rule_only,promoted,,,,signal_1|signal_2|signal_3,PASS
c3d4e5f6-0291-4000-c001-000000000291,mcp-sess-S10,anomaly,upstream_server_error,anomaly,tool_execution_failure,DELEGATION_CHAIN_FAILURE,high,rule_only,promoted,,,,signal_1|signal_2,PASS
c3d4e5f6-0292-4000-c001-000000000292,mcp-sess-S10,normal,,normal,,,,,,,,,,PASS
c3d4e5f6-0293-4000-c001-000000000293,mcp-sess-S10,normal,,normal,,,,,,,,,,PASS
c3d4e5f6-0294-4000-c001-000000000294,mcp-sess-S10,normal,,normal,,,,,,,,,,PASS
c3d4e5f6-0295-4000-c001-000000000295,mcp-sess-S10,normal,,normal,,,,,,,,,,PASS
c3d4e5f6-0296-4000-c001-000000000296,mcp-sess-S10,normal,,normal,,,,,,,,,,PASS
c3d4e5f6-0297-4000-c001-000000000297,mcp-sess-S10,normal,,normal,,,,,,,,,,PASS
c3d4e5f6-0298-4000-c001-000000000298,mcp-sess-S10,normal,,normal,,,,,,,,,,PASS
c3d4e5f6-0299-4000-c001-000000000299,mcp-sess-S11,normal,,normal,,,,,,,,,,PASS
c3d4e5f6-0300-4000-c001-000000000300,mcp-sess-S11,normal,,normal,,,,,,,,,,PASS
c3d4e5f6-0301-4000-c001-000000000301,mcp-sess-S11,normal,,normal,,,,,,,,,,PASS
c3d4e5f6-0302-4000-c001-000000000302,mcp-sess-S11,normal,,normal,,,,,,,,,,PASS
c3d4e5f6-0303-4000-c001-000000000303,mcp-sess-S11,normal,,normal,,,,,,,,,,PASS
c3d4e5f6-0304-4000-c001-000000000304,mcp-sess-S11,normal,,normal,,,,,,,,,,PASS
c3d4e5f6-0305-4000-c001-000000000305,mcp-sess-S11,normal,,normal,,,,,,,,,,PASS
c3d4e5f6-0306-4000-c001-000000000306,mcp-sess-S11,normal,,normal,,,,,,,,,,PASS
c3d4e5f6-0307-4000-c001-000000000307,mcp-sess-S11,normal,,normal,,,,,,,,,,PASS
c3d4e5f6-0308-4000-c001-000000000308,mcp-sess-S11,normal,,normal,,,,,,,,,,PASS
c3d4e5f6-0309-4000-c001-000000000309,mcp-sess-S11,normal,,normal,,,,,,,,,,PASS
c3d4e5f6-0310-4000-c001-000000000310,mcp-sess-S11,normal,,normal,,,,,,,,,,PASS
c3d4e5f6-0311-4000-c001-000000000311,mcp-sess-S11,normal,,normal,,,,,,,,,,PASS
c3d4e5f6-0312-4000-c001-000000000312,mcp-sess-S11,normal,,normal,,,,,,,,,,PASS
c3d4e5f6-0313-4000-c001-000000000313,mcp-sess-S11,normal,,normal,,,,,,,,,,PASS
c3d4e5f6-0314-4000-c001-000000000314,mcp-sess-S11,normal,,normal,,,,,,,,,,PASS
c3d4e5f6-0315-4000-c001-000000000315,mcp-sess-S11,anomaly,upstream_latency_spike,anomaly,latency_spike,REGISTRY_OVERFLOW,low,rule_only,promoted,,,,signal_1|signal_3,PASS
c3d4e5f6-0316-4000-c001-000000000316,mcp-sess-S11,normal,,normal,,,,,,,,,,PASS
c3d4e5f6-0317-4000-c001-000000000317,mcp-sess-S11,normal,,normal,,,,,,,,,,PASS
c3d4e5f6-0318-4000-c001-000000000318,mcp-sess-S11,normal,,normal,,,,,,,,,,PASS
c3d4e5f6-0319-4000-c001-000000000319,mcp-sess-S11,normal,,normal,,,,,,,,,,PASS
c3d4e5f6-0320-4000-c001-000000000320,mcp-sess-S11,normal,,normal,,,,,,,,,,PASS
c3d4e5f6-0321-4000-c001-000000000321,mcp-sess-S11,normal,,normal,,,,,,,,,,PASS
c3d4e5f6-0322-4000-c001-000000000322,mcp-sess-S11,normal,,normal,,,,,,,,,,PASS
c3d4e5f6-0323-4000-c001-000000000323,mcp-sess-S11,normal,,normal,,,,,,,,,,PASS
c3d4e5f6-0324-4000-c001-000000000324,mcp-sess-S11,normal,,normal,,,,,,,,,,PASS
c3d4e5f6-0325-4000-c001-000000000325,mcp-sess-S11,normal,,normal,,,,,,,,,,PASS
c3d4e5f6-0326-4000-c001-000000000326,mcp-sess-S11,normal,,normal,,,,,,,,,,PASS
c3d4e5f6-0327-4000-c001-000000000327,mcp-sess-S12,normal,,normal,,,,,,,,,,PASS
c3d4e5f6-0328-4000-c001-000000000328,mcp-sess-S12,normal,,normal,,,,,,,,,,PASS
c3d4e5f6-0329-4000-c001-000000000329,mcp-sess-S12,normal,,normal,,,,,,,,,,PASS
c3d4e5f6-0330-4000-c001-000000000330,mcp-sess-S12,normal,,normal,,,,,,,,,,PASS
c3d4e5f6-0331-4000-c001-000000000331,mcp-sess-S12,normal,,normal,,,,,,,,,,PASS
c3d4e5f6-0332-4000-c001-000000000332,mcp-sess-S12,normal,,normal,,,,,,,,,,PASS
c3d4e5f6-0333-4000-c001-000000000333,mcp-sess-S12,normal,,normal,,,,,,,,,,PASS
c3d4e5f6-0334-4000-c001-000000000334,mcp-sess-S12,normal,,normal,,,,,,,,,,PASS
c3d4e5f6-0335-4000-c001-000000000335,mcp-sess-S12,anomaly,upstream_server_error,anomaly,upstream_api_failure,REGISTRY_OVERFLOW,high,rule_only,promoted,,,,signal_1|signal_2|signal_3,PASS
c3d4e5f6-0336-4000-c001-000000000336,mcp-sess-S12,normal,,normal,,,,,,,,,,PASS
c3d4e5f6-0337-4000-c001-000000000337,mcp-sess-S12,anomaly,upstream_server_error,anomaly,upstream_api_failure,REGISTRY_OVERFLOW,high,rule_only,promoted,,,,signal_1|signal_2|signal_3,PASS
c3d4e5f6-0338-4000-c001-000000000338,mcp-sess-S12,anomaly,runaway_retry_loop,anomaly,runaway_retry_loop,DELEGATION_CHAIN_FAILURE,low,rule_only,promoted,,,C-03,signal_2|signal_3,PASS
c3d4e5f6-0339-4000-c001-000000000339,mcp-sess-S12,anomaly,upstream_server_error,anomaly,upstream_api_failure,REGISTRY_OVERFLOW,high,rule_only,promoted,,,,signal_1|signal_2|signal_3,PASS
c3d4e5f6-0340-4000-c001-000000000340,mcp-sess-S12,anomaly,runaway_retry_loop,anomaly,runaway_retry_loop,DELEGATION_CHAIN_FAILURE,low,rule_only,promoted,,,C-03,signal_2|signal_3,PASS
c3d4e5f6-0341-4000-c001-000000000341,mcp-sess-S12,anomaly,upstream_server_error,anomaly,upstream_api_failure,REGISTRY_OVERFLOW,high,rule_only,promoted,,,,signal_1|signal_2|signal_3,PASS
c3d4e5f6-0342-4000-c001-000000000342,mcp-sess-S12,anomaly,runaway_retry_loop,anomaly,runaway_retry_loop,DELEGATION_CHAIN_FAILURE,low,rule_only,promoted,,,C-03,signal_2|signal_3,PASS
c3d4e5f6-0343-4000-c001-000000000343,mcp-sess-S12,anomaly,upstream_server_error,anomaly,upstream_api_failure,REGISTRY_OVERFLOW,high,rule_only,promoted,,,,signal_1|signal_2|signal_3,PASS
c3d4e5f6-0344-4000-c001-000000000344,mcp-sess-S12,anomaly,runaway_retry_loop,anomaly,runaway_retry_loop,DELEGATION_CHAIN_FAILURE,low,rule_only,promoted,,,C-03,signal_2|signal_3,PASS
c3d4e5f6-0345-4000-c001-000000000345,mcp-sess-S12,anomaly,upstream_server_error,anomaly,upstream_api_failure,REGISTRY_OVERFLOW,high,rule_only,promoted,,,,signal_1|signal_2|signal_3,PASS
c3d4e5f6-0346-4000-c001-000000000346,mcp-sess-S12,normal,,normal,,,,,,,,,,PASS
c3d4e5f6-0347-4000-c001-000000000347,mcp-sess-S12,normal,,normal,,,,,,,,,,PASS
c3d4e5f6-0348-4000-c001-000000000348,mcp-sess-S12,normal,,normal,,,,,,,,,,PASS
c3d4e5f6-0349-4000-c001-000000000349,mcp-sess-S12,normal,,normal,,,,,,,,,,PASS
c3d4e5f6-0350-4000-c001-000000000350,mcp-sess-S12,normal,,normal,,,,,,,,,,PASS
c3d4e5f6-0351-4000-c001-000000000351,mcp-sess-S12,normal,,normal,,,,,,,,,,PASS
c3d4e5f6-0352-4000-c001-000000000352,mcp-sess-S12,normal,,normal,,,,,,,,,,PASS
c3d4e5f6-0353-4000-c001-000000000353,mcp-sess-S13,normal,,normal,,,,,,,,,,PASS
c3d4e5f6-0354-4000-c001-000000000354,mcp-sess-S13,normal,,normal,,,,,,,,,,PASS
c3d4e5f6-0355-4000-c001-000000000355,mcp-sess-S13,normal,,normal,,,,,,,,,,PASS
c3d4e5f6-0356-4000-c001-000000000356,mcp-sess-S13,normal,,normal,,,,,,,,,,PASS
c3d4e5f6-0357-4000-c001-000000000357,mcp-sess-S13,normal,,normal,,,,,,,,,,PASS
c3d4e5f6-0358-4000-c001-000000000358,mcp-sess-S13,normal,,normal,,,,,,,,,,PASS
c3d4e5f6-0359-4000-c001-000000000359,mcp-sess-S13,normal,,normal,,,,,,,,,,PASS
c3d4e5f6-0360-4000-c001-000000000360,mcp-sess-S13,normal,,normal,,,,,,,,,,PASS
c3d4e5f6-0361-4000-c001-000000000361,mcp-sess-S13,normal,,normal,,,,,,,,,,PASS
c3d4e5f6-0362-4000-c001-000000000362,mcp-sess-S13,normal,,normal,,,,,,,,,,PASS
c3d4e5f6-0363-4000-c001-000000000363,mcp-sess-S13,anomaly,input_anomaly,anomaly,input_anomaly,CONTEXT_POISONING,low,rule_only,promoted,,,,signal_4,PASS
c3d4e5f6-0364-4000-c001-000000000364,mcp-sess-S13,normal,,normal,,,,,,,,,,PASS
c3d4e5f6-0365-4000-c001-000000000365,mcp-sess-S13,normal,,normal,,,,,,,,,,PASS
c3d4e5f6-0366-4000-c001-000000000366,mcp-sess-S13,normal,,normal,,,,,,,,,,PASS
c3d4e5f6-0367-4000-c001-000000000367,mcp-sess-S13,normal,,normal,,,,,,,,,,PASS
c3d4e5f6-0368-4000-c001-000000000368,mcp-sess-S13,normal,,normal,,,,,,,,,,PASS
c3d4e5f6-0369-4000-c001-000000000369,mcp-sess-S13,normal,,normal,,,,,,,,,,PASS
c3d4e5f6-0370-4000-c001-000000000370,mcp-sess-S13,normal,,normal,,,,,,,,,,PASS
c3d4e5f6-0371-4000-c001-000000000371,mcp-sess-S13,normal,,normal,,,,,,,,,,PASS
c3d4e5f6-0372-4000-c001-000000000372,mcp-sess-S13,normal,,normal,,,,,,,,,,PASS
c3d4e5f6-0373-4000-c001-000000000373,mcp-sess-S13,normal,,normal,,,,,,,,,,PASS
c3d4e5f6-0374-4000-c001-000000000374,mcp-sess-S13,normal,,normal,,,,,,,,,,PASS
c3d4e5f6-0375-4000-c001-000000000375,mcp-sess-S14,normal,,normal,,,,,,,,,,PASS
c3d4e5f6-0376-4000-c001-000000000376,mcp-sess-S14,normal,,normal,,,,,,,,,,PASS
c3d4e5f6-0377-4000-c001-000000000377,mcp-sess-S14,normal,,normal,,,,,,,,,,PASS
c3d4e5f6-0378-4000-c001-000000000378,mcp-sess-S14,normal,,normal,,,,,,,,,,PASS
c3d4e5f6-0379-4000-c001-000000000379,mcp-sess-S14,normal,,normal,,,,,,,,,,PASS
c3d4e5f6-0380-4000-c001-000000000380,mcp-sess-S14,normal,,normal,,,,,,,,,,PASS
c3d4e5f6-0381-4000-c001-000000000381,mcp-sess-S14,normal,,normal,,,,,,,,,,PASS
c3d4e5f6-0382-4000-c001-000000000382,mcp-sess-S14,normal,,normal,,,,,,,,,,PASS
c3d4e5f6-0383-4000-c001-000000000383,mcp-sess-S14,normal,,normal,,,,,,,,,,PASS
c3d4e5f6-0384-4000-c001-000000000384,mcp-sess-S14,normal,,normal,,,,,,,,,,PASS
c3d4e5f6-0385-4000-c001-000000000385,mcp-sess-S14,normal,,normal,,,,,,,,,,PASS
c3d4e5f6-0386-4000-c001-000000000386,mcp-sess-S14,normal,,normal,,,,,,,,,,PASS
c3d4e5f6-0387-4000-c001-000000000387,mcp-sess-S14,normal,,normal,,,,,,,,,,PASS
c3d4e5f6-0388-4000-c001-000000000388,mcp-sess-S14,normal,,normal,,,,,,,,,,PASS
c3d4e5f6-0389-4000-c001-000000000389,mcp-sess-S14,normal,,normal,,,,,,,,,,PASS
c3d4e5f6-0390-4000-c001-000000000390,mcp-sess-S14,anomaly,unknown_tool_call,anomaly,unknown_tool_call,TOOL_HALLUCINATION,high,rule_only,promoted,,,,signal_1|signal_2|signal_3,PASS
c3d4e5f6-0391-4000-c001-000000000391,mcp-sess-S14,normal,,normal,,,,,,,,,,PASS
c3d4e5f6-0392-4000-c001-000000000392,mcp-sess-S14,normal,,normal,,,,,,,,,,PASS
c3d4e5f6-0393-4000-c001-000000000393,mcp-sess-S14,normal,,normal,,,,,,,,,,PASS
c3d4e5f6-0394-4000-c001-000000000394,mcp-sess-S14,normal,,normal,,,,,,,,,,PASS
c3d4e5f6-0395-4000-c001-000000000395,mcp-sess-S14,normal,,normal,,,,,,,,,,PASS
c3d4e5f6-0396-4000-c001-000000000396,mcp-sess-S14,anomaly,auth_failure,anomaly,auth_failure,DELEGATION_CHAIN_FAILURE,high,rule_only,promoted,,,,signal_1|signal_2|signal_3,PASS
c3d4e5f6-0397-4000-c001-000000000397,mcp-sess-S14,anomaly,prompt_injection_attempt,anomaly,prompt_injection_attempt,CONTEXT_POISONING,high,rule_only,promoted,,,,signal_3|signal_4,PASS
c3d4e5f6-0398-4000-c001-000000000398,mcp-sess-S14,normal,,normal,,,,,,,,,,PASS
c3d4e5f6-0399-4000-c001-000000000399,mcp-sess-S14,normal,,normal,,,,,,,,,,PASS
c3d4e5f6-0400-4000-c001-000000000400,mcp-sess-S14,normal,,normal,,,,,,,,,,PASS
c3d4e5f6-0401-4000-c001-000000000401,mcp-sess-S14,normal,,normal,,,,,,,,,,PASS
c3d4e5f6-0402-4000-c001-000000000402,mcp-sess-S15,normal,,normal,,,,,,,,,,PASS
c3d4e5f6-0403-4000-c001-000000000403,mcp-sess-S15,normal,,normal,,,,,,,,,,PASS
c3d4e5f6-0404-4000-c001-000000000404,mcp-sess-S15,normal,,normal,,,,,,,,,,PASS
c3d4e5f6-0405-4000-c001-000000000405,mcp-sess-S15,normal,,normal,,,,,,,,,,PASS
c3d4e5f6-0406-4000-c001-000000000406,mcp-sess-S15,normal,,normal,,,,,,,,,,PASS
c3d4e5f6-0407-4000-c001-000000000407,mcp-sess-S15,normal,,normal,,,,,,,,,,PASS
c3d4e5f6-0408-4000-c001-000000000408,mcp-sess-S15,normal,,normal,,,,,,,,,,PASS
c3d4e5f6-0409-4000-c001-000000000409,mcp-sess-S15,normal,,normal,,,,,,,,,,PASS
c3d4e5f6-0410-4000-c001-000000000410,mcp-sess-S15,normal,,normal,,,,,,,,,,PASS
c3d4e5f6-0411-4000-c001-000000000411,mcp-sess-S15,normal,,normal,,,,,,,,,,PASS
c3d4e5f6-0412-4000-c001-000000000412,mcp-sess-S15,normal,,normal,,,,,,,,,,PASS
c3d4e5f6-0413-4000-c001-000000000413,mcp-sess-S15,normal,,normal,,,,,,,,,,PASS
c3d4e5f6-0414-4000-c001-000000000414,mcp-sess-S15,normal,,normal,,,,,,,,,,PASS
c3d4e5f6-0415-4000-c001-000000000415,mcp-sess-S15,normal,,normal,,,,,,,,,,PASS
c3d4e5f6-0416-4000-c001-000000000416,mcp-sess-S15,normal,,normal,,,,,,,,,,PASS
c3d4e5f6-0417-4000-c001-000000000417,mcp-sess-S15,normal,,normal,,,,,,,,,,PASS
c3d4e5f6-0418-4000-c001-000000000418,mcp-sess-S15,normal,,normal,,,,,,,,,,PASS
c3d4e5f6-0419-4000-c001-000000000419,mcp-sess-S15,normal,,normal,,,,,,,,,,PASS
c3d4e5f6-0420-4000-c001-000000000420,mcp-sess-S15,normal,,normal,,,,,,,,,,PASS
c3d4e5f6-0421-4000-c001-000000000421,mcp-sess-S15,normal,,normal,,,,,,,,,,PASS
c3d4e5f6-0422-4000-c001-000000000422,mcp-sess-S15,normal,,normal,,,,,,,,,,PASS
c3d4e5f6-0423-4000-c001-000000000423,mcp-sess-S15,normal,,normal,,,,,,,,,,PASS
c3d4e5f6-0424-4000-c001-000000000424,mcp-sess-S15,normal,,normal,,,,,,,,,,PASS
c3d4e5f6-0425-4000-c001-000000000425,mcp-sess-S15,normal,,normal,,,,,,,,,,PASS
c3d4e5f6-0426-4000-c001-000000000426,mcp-sess-S15,normal,,normal,,,,,,,,,,PASS
c3d4e5f6-0427-4000-c001-000000000427,mcp-sess-S15,normal,,normal,,,,,,,,,,PASS
c3d4e5f6-0428-4000-c001-000000000428,mcp-sess-S15,normal,,normal,,,,,,,,,,PASS
c3d4e5f6-0429-4000-c001-000000000429,mcp-sess-S15,normal,,normal,,,,,,,,,,PASS
c3d4e5f6-0430-4000-c001-000000000430,mcp-sess-S15,normal,,normal,,,,,,,,,,PASS
c3d4e5f6-0431-4000-c001-000000000431,mcp-sess-S15,normal,,normal,,,,,,,,,,PASS
c3d4e5f6-0432-4000-c001-000000000432,mcp-sess-S15,normal,,normal,,,,,,,,,,PASS
c3d4e5f6-0433-4000-c001-000000000433,mcp-sess-S15,normal,,normal,,,,,,,,,,PASS
c3d4e5f6-0434-4000-c001-000000000434,mcp-sess-S15,normal,,normal,,,,,,,,,,PASS
c3d4e5f6-0435-4000-c001-000000000435,mcp-sess-S15,normal,,normal,,,,,,,,,,PASS
c3d4e5f6-0436-4000-c001-000000000436,mcp-sess-S15,normal,,normal,,,,,,,,,,PASS
c3d4e5f6-0437-4000-c001-000000000437,mcp-sess-S15,normal,,normal,,,,,,,,,,PASS
c3d4e5f6-0438-4000-c001-000000000438,mcp-sess-S15,normal,,normal,,,,,,,,,,PASS
c3d4e5f6-0439-4000-c001-000000000439,mcp-sess-S15,normal,,normal,,,,,,,,,,PASS
c3d4e5f6-0440-4000-c001-000000000440,mcp-sess-S15,normal,,normal,,,,,,,,,,PASS
c3d4e5f6-0441-4000-c001-000000000441,mcp-sess-S15,normal,,normal,,,,,,,,,,PASS
c3d4e5f6-0442-4000-c001-000000000442,mcp-sess-S15,normal,,normal,,,,,,,,,,PASS
c3d4e5f6-0443-4000-c001-000000000443,mcp-sess-S15,normal,,normal,,,,,,,,,,PASS
c3d4e5f6-0444-4000-c001-000000000444,mcp-sess-S15,normal,,normal,,,,,,,,,,PASS
c3d4e5f6-0445-4000-c001-000000000445,mcp-sess-S15,normal,,normal,,,,,,,,,,PASS
c3d4e5f6-0446-4000-c001-000000000446,mcp-sess-S15,normal,,normal,,,,,,,,,,PASS
c3d4e5f6-0447-4000-c001-000000000447,mcp-sess-S15,normal,,normal,,,,,,,,,,PASS
c3d4e5f6-0448-4000-c001-000000000448,mcp-sess-S15,normal,,normal,,,,,,,,,,PASS
c3d4e5f6-0449-4000-c001-000000000449,mcp-sess-S15,normal,,normal,,,,,,,,,,PASS
c3d4e5f6-0450-4000-c001-000000000450,mcp-sess-S15,normal,,normal,,,,,,,,,,PASS
c3d4e5f6-0451-4000-c001-000000000451,mcp-sess-S15,normal,,normal,,,,,,,,,,PASS
c3d4e5f6-0452-4000-c001-000000000452,mcp-sess-S15,normal,,normal,,,,,,,,,,PASS
c3d4e5f6-0453-4000-c001-000000000453,mcp-sess-S15,normal,,normal,,,,,,,,,,PASS
c3d4e5f6-0454-4000-c001-000000000454,mcp-sess-S15,normal,,normal,,,,,,,,,,PASS
c3d4e5f6-0455-4000-c001-000000000455,mcp-sess-S15,normal,,normal,,,,,,,,,,PASS
c3d4e5f6-0456-4000-c001-000000000456,mcp-sess-S15,normal,,normal,,,,,,,,,,PASS
c3d4e5f6-0457-4000-c001-000000000457,mcp-sess-S15,normal,,normal,,,,,,,,,,PASS
c3d4e5f6-0458-4000-c001-000000000458,mcp-sess-S15,normal,,normal,,,,,,,,,,PASS
c3d4e5f6-0459-4000-c001-000000000459,mcp-sess-S15,normal,,normal,,,,,,,,,,PASS
c3d4e5f6-0460-4000-c001-000000000460,mcp-sess-S15,normal,,normal,,,,,,,,,,PASS
c3d4e5f6-0461-4000-c001-000000000461,mcp-sess-S15,normal,,normal,,,,,,,,,,PASS
c3d4e5f6-0462-4000-c001-000000000462,mcp-sess-S15,normal,,normal,,,,,,,,,,PASS
c3d4e5f6-0463-4000-c001-000000000463,mcp-sess-S15,normal,,normal,,,,,,,,,,PASS
c3d4e5f6-0464-4000-c001-000000000464,mcp-sess-S15,normal,,normal,,,,,,,,,,PASS
c3d4e5f6-0465-4000-c001-000000000465,mcp-sess-S15,normal,,normal,,,,,,,,,,PASS
c3d4e5f6-0466-4000-c001-000000000466,mcp-sess-S15,normal,,normal,,,,,,,,,,PASS
c3d4e5f6-0467-4000-c001-000000000467,mcp-sess-S15,normal,,normal,,,,,,,,,,PASS
c3d4e5f6-0468-4000-c001-000000000468,mcp-sess-S15,normal,,normal,,,,,,,,,,PASS
c3d4e5f6-0469-4000-c001-000000000469,mcp-sess-S15,normal,,normal,,,,,,,,,,PASS
c3d4e5f6-0470-4000-c001-000000000470,mcp-sess-S15,normal,,normal,,,,,,,,,,PASS
c3d4e5f6-0471-4000-c001-000000000471,mcp-sess-S15,normal,,normal,,,,,,,,,,PASS
c3d4e5f6-0472-4000-c001-000000000472,mcp-sess-S15,normal,,normal,,,,,,,,,,PASS
c3d4e5f6-0473-4000-c001-000000000473,mcp-sess-S15,normal,,normal,,,,,,,,,,PASS
c3d4e5f6-0474-4000-c001-000000000474,mcp-sess-S15,normal,,normal,,,,,,,,,,PASS
c3d4e5f6-0475-4000-c001-000000000475,mcp-sess-S15,normal,,normal,,,,,,,,,,PASS
c3d4e5f6-0476-4000-c001-000000000476,mcp-sess-S15,normal,,normal,,,,,,,,,,PASS
c3d4e5f6-0477-4000-c001-000000000477,mcp-sess-S15,normal,,normal,,,,,,,,,,PASS
c3d4e5f6-0478-4000-c001-000000000478,mcp-sess-S15,normal,,normal,,,,,,,,,,PASS
c3d4e5f6-0479-4000-c001-000000000479,mcp-sess-S15,normal,,normal,,,,,,,,,,PASS
c3d4e5f6-0480-4000-c001-000000000480,mcp-sess-S15,normal,,normal,,,,,,,,,,PASS
c3d4e5f6-0481-4000-c001-000000000481,mcp-sess-S15,normal,,normal,,,,,,,,,,PASS
c3d4e5f6-0482-4000-c001-000000000482,mcp-sess-S15,normal,,normal,,,,,,,,,,PASS
c3d4e5f6-0483-4000-c001-000000000483,mcp-sess-S15,normal,,normal,,,,,,,,,,PASS
c3d4e5f6-0484-4000-c001-000000000484,mcp-sess-S15,normal,,normal,,,,,,,,,,PASS
c3d4e5f6-0485-4000-c001-000000000485,mcp-sess-S15,normal,,normal,,,,,,,,,,PASS
c3d4e5f6-0486-4000-c001-000000000486,mcp-sess-S15,normal,,normal,,,,,,,,,,PASS
c3d4e5f6-0487-4000-c001-000000000487,mcp-sess-S15,normal,,normal,,,,,,,,,,PASS
c3d4e5f6-0488-4000-c001-000000000488,mcp-sess-S15,normal,,normal,,,,,,,,,,PASS
c3d4e5f6-0489-4000-c001-000000000489,mcp-sess-S15,normal,,normal,,,,,,,,,,PASS
c3d4e5f6-0490-4000-c001-000000000490,mcp-sess-S15,normal,,normal,,,,,,,,,,PASS
c3d4e5f6-0491-4000-c001-000000000491,mcp-sess-S15,normal,,normal,,,,,,,,,,PASS
c3d4e5f6-0492-4000-c001-000000000492,mcp-sess-S15,normal,,normal,,,,,,,,,,PASS
c3d4e5f6-0493-4000-c001-000000000493,mcp-sess-S16,normal,,normal,,,,,,,,,,PASS
c3d4e5f6-0494-4000-c001-000000000494,mcp-sess-S16,normal,,normal,,,,,,,,,,PASS
c3d4e5f6-0495-4000-c001-000000000495,mcp-sess-S16,normal,,normal,,,,,,,,,,PASS
c3d4e5f6-0496-4000-c001-000000000496,mcp-sess-S16,normal,,normal,,,,,,,,,,PASS
c3d4e5f6-0497-4000-c001-000000000497,mcp-sess-S16,normal,,normal,,,,,,,,,,PASS
c3d4e5f6-0498-4000-c001-000000000498,mcp-sess-S16,normal,,normal,,,,,,,,,,PASS
c3d4e5f6-0499-4000-c001-000000000499,mcp-sess-S16,normal,,normal,,,,,,,,,,PASS
c3d4e5f6-0500-4000-c001-000000000500,mcp-sess-S16,normal,,normal,,,,,,,,,,PASS
c3d4e5f6-0501-4000-c001-000000000501,mcp-sess-S16,normal,,normal,,,,,,,,,,PASS
c3d4e5f6-0502-4000-c001-000000000502,mcp-sess-S16,normal,,normal,,,,,,,,,,PASS
c3d4e5f6-0503-4000-c001-000000000503,mcp-sess-S16,normal,,normal,,,,,,,,,,PASS
c3d4e5f6-0504-4000-c001-000000000504,mcp-sess-S16,normal,,normal,,,,,,,,,,PASS
c3d4e5f6-0505-4000-c001-000000000505,mcp-sess-S16,normal,,normal,,,,,,,,,,PASS
c3d4e5f6-0506-4000-c001-000000000506,mcp-sess-S16,normal,,normal,,,,,,,,,,PASS
c3d4e5f6-0507-4000-c001-000000000507,mcp-sess-S16,anomaly,logic_error,anomaly,retry_triggered,,low,rule_only,promoted,,,C-02,signal_1|signal_3,PASS
c3d4e5f6-0508-4000-c001-000000000508,mcp-sess-S16,normal,,normal,,,,,,,,,,PASS
c3d4e5f6-0509-4000-c001-000000000509,mcp-sess-S16,normal,,normal,,,,,,,,,,PASS
c3d4e5f6-0510-4000-c001-000000000510,mcp-sess-S16,normal,,normal,,,,,,,,,,PASS
c3d4e5f6-0511-4000-c001-000000000511,mcp-sess-S16,normal,,normal,,,,,,,,,,PASS
c3d4e5f6-0512-4000-c001-000000000512,mcp-sess-S16,normal,,normal,,,,,,,,,,PASS
c3d4e5f6-0513-4000-c001-000000000513,mcp-sess-S16,normal,,normal,,,,,,,,,,PASS
c3d4e5f6-0514-4000-c001-000000000514,mcp-sess-S16,normal,,normal,,,,,,,,,,PASS
c3d4e5f6-0515-4000-c001-000000000515,mcp-sess-S16,normal,,normal,,,,,,,,,,PASS
c3d4e5f6-0516-4000-c001-000000000516,mcp-sess-S16,normal,,normal,,,,,,,,,,PASS
c3d4e5f6-0517-4000-c001-000000000517,mcp-sess-S16,normal,,normal,,,,,,,,,,PASS
c3d4e5f6-0518-4000-c001-000000000518,mcp-sess-S16,normal,,normal,,,,,,,,,,PASS
c3d4e5f6-0519-4000-c001-000000000519,mcp-sess-S16,normal,,normal,,,,,,,,,,PASS
c3d4e5f6-0520-4000-c001-000000000520,mcp-sess-S17,normal,,normal,,,,,,,,,,PASS
c3d4e5f6-0521-4000-c001-000000000521,mcp-sess-S17,normal,,normal,,,,,,,,,,PASS
c3d4e5f6-0522-4000-c001-000000000522,mcp-sess-S17,normal,,normal,,,,,,,,,,PASS
c3d4e5f6-0523-4000-c001-000000000523,mcp-sess-S17,normal,,normal,,,,,,,,,,PASS
c3d4e5f6-0524-4000-c001-000000000524,mcp-sess-S17,normal,,normal,,,,,,,,,,PASS
c3d4e5f6-0525-4000-c001-000000000525,mcp-sess-S17,normal,,normal,,,,,,,,,,PASS
c3d4e5f6-0526-4000-c001-000000000526,mcp-sess-S17,normal,,normal,,,,,,,,,,PASS
c3d4e5f6-0527-4000-c001-000000000527,mcp-sess-S17,normal,,normal,,,,,,,,,,PASS
c3d4e5f6-0528-4000-c001-000000000528,mcp-sess-S17,normal,,normal,,,,,,,,,,PASS
c3d4e5f6-0529-4000-c001-000000000529,mcp-sess-S17,normal,,normal,,,,,,,,,,PASS
c3d4e5f6-0530-4000-c001-000000000530,mcp-sess-S17,normal,,normal,,,,,,,,,,PASS
c3d4e5f6-0531-4000-c001-000000000531,mcp-sess-S17,anomaly,prompt_injection_attempt,anomaly,code_injection_attempt,CONTEXT_POISONING,medium,rule_only,promoted,,,,signal_3|signal_4,PASS
c3d4e5f6-0532-4000-c001-000000000532,mcp-sess-S17,normal,,normal,,,,,,,,,,PASS
c3d4e5f6-0533-4000-c001-000000000533,mcp-sess-S17,normal,,normal,,,,,,,,,,PASS
c3d4e5f6-0534-4000-c001-000000000534,mcp-sess-S17,normal,,normal,,,,,,,,,,PASS
c3d4e5f6-0535-4000-c001-000000000535,mcp-sess-S17,normal,,normal,,,,,,,,,,PASS
c3d4e5f6-0536-4000-c001-000000000536,mcp-sess-S17,normal,,normal,,,,,,,,,,PASS
c3d4e5f6-0537-4000-c001-000000000537,mcp-sess-S17,normal,,normal,,,,,,,,,,PASS
c3d4e5f6-0538-4000-c001-000000000538,mcp-sess-S17,normal,,normal,,,,,,,,,,PASS
c3d4e5f6-0539-4000-c001-000000000539,mcp-sess-S17,normal,,normal,,,,,,,,,,PASS
c3d4e5f6-0540-4000-c001-000000000540,mcp-sess-S17,normal,,normal,,,,,,,,,,PASS
c3d4e5f6-0541-4000-c001-000000000541,mcp-sess-S17,normal,,normal,,,,,,,,,,PASS
c3d4e5f6-0542-4000-c001-000000000542,mcp-sess-S17,normal,,normal,,,,,,,,,,PASS
c3d4e5f6-0543-4000-c001-000000000543,mcp-sess-S18,normal,,normal,,,,,,,,,,PASS
c3d4e5f6-0544-4000-c001-000000000544,mcp-sess-S18,normal,,normal,,,,,,,,,,PASS
c3d4e5f6-0545-4000-c001-000000000545,mcp-sess-S18,normal,,normal,,,,,,,,,,PASS
c3d4e5f6-0546-4000-c001-000000000546,mcp-sess-S18,normal,,normal,,,,,,,,,,PASS
c3d4e5f6-0547-4000-c001-000000000547,mcp-sess-S18,normal,,normal,,,,,,,,,,PASS
c3d4e5f6-0548-4000-c001-000000000548,mcp-sess-S18,normal,,normal,,,,,,,,,,PASS
c3d4e5f6-0549-4000-c001-000000000549,mcp-sess-S18,normal,,normal,,,,,,,,,,PASS
c3d4e5f6-0550-4000-c001-000000000550,mcp-sess-S18,normal,,normal,,,,,,,,,,PASS
c3d4e5f6-0551-4000-c001-000000000551,mcp-sess-S18,normal,,normal,,,,,,,,,,PASS
c3d4e5f6-0552-4000-c001-000000000552,mcp-sess-S18,normal,,normal,,,,,,,,,,PASS
c3d4e5f6-0553-4000-c001-000000000553,mcp-sess-S18,anomaly,input_anomaly,anomaly,input_anomaly,CONTEXT_POISONING,low,rule_only,promoted,,,,signal_4,PASS
c3d4e5f6-0554-4000-c001-000000000554,mcp-sess-S18,normal,,normal,,,,,,,,,,PASS
c3d4e5f6-0555-4000-c001-000000000555,mcp-sess-S18,normal,,normal,,,,,,,,,,PASS
c3d4e5f6-0556-4000-c001-000000000556,mcp-sess-S18,normal,,normal,,,,,,,,,,PASS
c3d4e5f6-0557-4000-c001-000000000557,mcp-sess-S18,normal,,normal,,,,,,,,,,PASS
c3d4e5f6-0558-4000-c001-000000000558,mcp-sess-S18,normal,,normal,,,,,,,,,,PASS
c3d4e5f6-0559-4000-c001-000000000559,mcp-sess-S18,normal,,normal,,,,,,,,,,PASS
c3d4e5f6-0560-4000-c001-000000000560,mcp-sess-S18,normal,,normal,,,,,,,,,,PASS
c3d4e5f6-0561-4000-c001-000000000561,mcp-sess-S18,normal,,normal,,,,,,,,,,PASS
c3d4e5f6-0562-4000-c001-000000000562,mcp-sess-S18,normal,,normal,,,,,,,,,,PASS
c3d4e5f6-0563-4000-c001-000000000563,mcp-sess-S18,normal,,normal,,,,,,,,,,PASS
c3d4e5f6-0564-4000-c001-000000000564,mcp-sess-S18,normal,,normal,,,,,,,,,,PASS
c3d4e5f6-0565-4000-c001-000000000565,mcp-sess-S19,normal,,normal,,,,,,,,,,PASS
c3d4e5f6-0566-4000-c001-000000000566,mcp-sess-S19,normal,,normal,,,,,,,,,,PASS
c3d4e5f6-0567-4000-c001-000000000567,mcp-sess-S19,normal,,normal,,,,,,,,,,PASS
c3d4e5f6-0568-4000-c001-000000000568,mcp-sess-S19,normal,,normal,,,,,,,,,,PASS
c3d4e5f6-0569-4000-c001-000000000569,mcp-sess-S19,normal,,normal,,,,,,,,,,PASS
c3d4e5f6-0570-4000-c001-000000000570,mcp-sess-S19,normal,,normal,,,,,,,,,,PASS
c3d4e5f6-0571-4000-c001-000000000571,mcp-sess-S19,normal,,normal,,,,,,,,,,PASS
c3d4e5f6-0572-4000-c001-000000000572,mcp-sess-S19,normal,,normal,,,,,,,,,,PASS
c3d4e5f6-0573-4000-c001-000000000573,mcp-sess-S19,normal,,normal,,,,,,,,,,PASS
c3d4e5f6-0574-4000-c001-000000000574,mcp-sess-S19,normal,,normal,,,,,,,,,,PASS
c3d4e5f6-0575-4000-c001-000000000575,mcp-sess-S19,normal,,normal,,,,,,,,,,PASS
c3d4e5f6-0576-4000-c001-000000000576,mcp-sess-S19,anomaly,invalid_tool_parameter,anomaly,invalid_tool_parameter,TOOL_HALLUCINATION,high,rule_only,promoted,,,,signal_1|signal_2|signal_3,PASS
c3d4e5f6-0577-4000-c001-000000000577,mcp-sess-S19,normal,,normal,,,,,,,,,,PASS
c3d4e5f6-0578-4000-c001-000000000578,mcp-sess-S19,normal,,normal,,,,,,,,,,PASS
c3d4e5f6-0579-4000-c001-000000000579,mcp-sess-S19,normal,,normal,,,,,,,,,,PASS
c3d4e5f6-0580-4000-c001-000000000580,mcp-sess-S19,normal,,normal,,,,,,,,,,PASS
c3d4e5f6-0581-4000-c001-000000000581,mcp-sess-S19,normal,,normal,,,,,,,,,,PASS
c3d4e5f6-0582-4000-c001-000000000582,mcp-sess-S19,normal,,normal,,,,,,,,,,PASS
c3d4e5f6-0583-4000-c001-000000000583,mcp-sess-S19,normal,,normal,,,,,,,,,,PASS
c3d4e5f6-0584-4000-c001-000000000584,mcp-sess-S19,normal,,normal,,,,,,,,,,PASS
c3d4e5f6-0585-4000-c001-000000000585,mcp-sess-S19,normal,,normal,,,,,,,,,,PASS
c3d4e5f6-0586-4000-c001-000000000586,mcp-sess-S19,normal,,normal,,,,,,,,,,PASS
c3d4e5f6-0587-4000-c001-000000000587,mcp-sess-S20,normal,,normal,,,,,,,,,,PASS
c3d4e5f6-0588-4000-c001-000000000588,mcp-sess-S20,normal,,normal,,,,,,,,,,PASS
c3d4e5f6-0589-4000-c001-000000000589,mcp-sess-S20,normal,,normal,,,,,,,,,,PASS
c3d4e5f6-0590-4000-c001-000000000590,mcp-sess-S20,normal,,normal,,,,,,,,,,PASS
c3d4e5f6-0591-4000-c001-000000000591,mcp-sess-S20,normal,,normal,,,,,,,,,,PASS
c3d4e5f6-0592-4000-c001-000000000592,mcp-sess-S20,normal,,normal,,,,,,,,,,PASS
c3d4e5f6-0593-4000-c001-000000000593,mcp-sess-S20,normal,,normal,,,,,,,,,,PASS
c3d4e5f6-0594-4000-c001-000000000594,mcp-sess-S20,normal,,normal,,,,,,,,,,PASS
c3d4e5f6-0595-4000-c001-000000000595,mcp-sess-S20,normal,,normal,,,,,,,,,,PASS
c3d4e5f6-0596-4000-c001-000000000596,mcp-sess-S20,normal,,normal,,,,,,,,,,PASS
c3d4e5f6-0597-4000-c001-000000000597,mcp-sess-S20,normal,,normal,,,,,,,,,,PASS
c3d4e5f6-0598-4000-c001-000000000598,mcp-sess-S20,normal,,normal,,,,,,,,,,PASS
c3d4e5f6-0599-4000-c001-000000000599,mcp-sess-S20,normal,,normal,,,,,,,,,,PASS
c3d4e5f6-0600-4000-c001-000000000600,mcp-sess-S20,normal,,normal,,,,,,,,,,PASS
c3d4e5f6-0601-4000-c001-000000000601,mcp-sess-S20,normal,,normal,,,,,,,,,,PASS
c3d4e5f6-0602-4000-c001-000000000602,mcp-sess-S20,normal,,normal,,,,,,,,,,PASS
c3d4e5f6-0603-4000-c001-000000000603,mcp-sess-S20,normal,,normal,,,,,,,,,,PASS
c3d4e5f6-0604-4000-c001-000000000604,mcp-sess-S20,normal,,normal,,,,,,,,,,PASS
c3d4e5f6-0605-4000-c001-000000000605,mcp-sess-S20,normal,,normal,,,,,,,,,,PASS
c3d4e5f6-0606-4000-c001-000000000606,mcp-sess-S20,normal,,normal,,,,,,,,,,PASS
c3d4e5f6-0607-4000-c001-000000000607,mcp-sess-S20,normal,,normal,,,,,,,,,,PASS
c3d4e5f6-0608-4000-c001-000000000608,mcp-sess-S20,normal,,normal,,,,,,,,,,PASS
c3d4e5f6-0609-4000-c001-000000000609,mcp-sess-S20,normal,,normal,,,,,,,,,,PASS
c3d4e5f6-0610-4000-c001-000000000610,mcp-sess-S20,normal,,normal,,,,,,,,,,PASS
c3d4e5f6-0611-4000-c001-000000000611,mcp-sess-S20,normal,,normal,,,,,,,,,,PASS
c3d4e5f6-0612-4000-c001-000000000612,mcp-sess-S20,normal,,normal,,,,,,,,,,PASS
c3d4e5f6-0613-4000-c001-000000000613,mcp-sess-S20,normal,,normal,,,,,,,,,,PASS
c3d4e5f6-0614-4000-c001-000000000614,mcp-sess-S20,normal,,normal,,,,,,,,,,PASS
c3d4e5f6-0615-4000-c001-000000000615,mcp-sess-S20,normal,,normal,,,,,,,,,,PASS
c3d4e5f6-0616-4000-c001-000000000616,mcp-sess-S20,normal,,normal,,,,,,,,,,PASS
c3d4e5f6-0617-4000-c001-000000000617,mcp-sess-S20,normal,,normal,,,,,,,,,,PASS
